Date,0:00,0:30,1:00,1:30,2:00,2:30,3:00,3:30,4:00,4:30,5:00,5:30,6:00,6:30,7:00,7:30,8:00,8:30,9:00,9:30,10:00,10:30,11:00,11:30,12:00,12:30,13:00,13:30,14:00,14:30,15:00,15:30,16:00,16:30,17:00,17:30,18:00,18:30,19:00,19:30,20:00,20:30,21:00,21:30,22:00,22:30,23:00,23:30
5_1,,,,,,,,,,,,,,,,,16.51204398,16.80643437,17.10082476,17.39521516,17.68960555,17.98399594,18.27838633,18.57277673,18.86716712,19.16155751,19.4559479,19.75033829,20.04472869,20.33911908,20.63350947,20.92789986,21.22229026,21.51668065,21.81107104,22.10546143,22.39985182,22.39985182,22.39985182,22.39985182,22.19665633,21.99346083,21.79026533,21.58706983,21.38387433,21.18067883,20.97748333,20.77428784
5_2,20.57109234,20.36789684,20.16470134,19.96150584,19.75831034,19.55511484,19.35191935,19.14872385,18.94552835,18.74233285,18.53913735,18.33594185,18.13274636,17.92955086,17.72635536,17.52315986,17.31996436,17.55957119,17.79917802,18.03878485,18.27839168,18.51799851,18.75760534,18.99721217,19.236819,19.47642582,19.71603265,19.95563948,20.19524631,20.43485314,20.67445997,20.9140668,21.15367363,21.39328046,21.63288729,21.87249412,22.11210095,22.11210095,22.11210095,22.11210095,21.90455369,21.69700643,21.48945917,21.28191192,21.07436466,20.8668174,20.65927014,20.45172289
5_3,20.24417563,20.03662837,19.82908112,19.62153386,19.4139866,19.20643934,18.99889209,18.79134483,18.58379757,18.37625031,18.16870306,17.9611558,17.75360854,17.54606128,17.33851403,17.13096677,16.92341951,17.1829961,17.44257269,17.70214928,17.96172587,18.22130246,18.48087904,18.74045563,19.00003222,19.25960881,19.5191854,19.77876199,20.03833858,20.29791517,20.55749176,20.81706834,21.07664493,21.33622152,21.59579811,21.8553747,22.11495129,22.11495129,22.11495129,22.11495129,21.90084753,21.68674378,21.47264002,21.25853627,21.04443251,20.83032876,20.616225,20.40212125
5_4,20.18801749,19.97391373,19.75980998,19.54570622,19.33160247,19.11749871,18.90339496,18.6892912,18.47518745,18.26108369,18.04697994,17.83287618,17.61877243,17.40466867,17.19056492,16.97646116,16.7623574,17.03339192,17.30442644,17.57546095,17.84649547,18.11752999,18.3885645,18.65959902,18.93063353,19.20166805,19.47270257,19.74373708,20.0147716,20.28580611,20.55684063,20.82787515,21.09890966,21.36994418,21.64097869,21.91201321,22.18304773,22.18304773,22.18304773,22.18304773,21.96757189,21.75209605,21.53662021,21.32114437,21.10566853,20.8901927,20.67471686,20.45924102
5_5,20.24376518,20.02828934,19.8128135,19.59733767,19.38186183,19.16638599,18.95091015,18.73543431,18.51995847,18.30448263,18.0890068,17.87353096,17.65805512,17.44257928,17.22710344,17.0116276,16.79615177,17.0599963,17.32384083,17.58768536,17.85152988,18.11537441,18.37921894,18.64306347,18.906908,19.17075253,19.43459706,19.69844159,19.96228612,20.22613065,20.48997518,20.75381971,21.01766424,21.28150877,21.5453533,21.80919783,22.07304236,22.07304236,22.07304236,22.07304236,21.89198404,21.71092572,21.5298674,21.34880907,21.16775075,20.98669243,20.80563411,20.62457579
5_6,20.44351747,20.26245915,20.08140082,19.9003425,19.71928418,19.53822586,19.35716754,19.17610922,18.99505089,18.81399257,18.63293425,18.45187593,18.27081761,18.08975929,17.90870097,17.72764264,17.54658432,17.81532387,18.08406341,18.35280296,18.62154251,18.89028205,19.1590216,19.42776114,19.69650069,19.96524023,20.23397978,20.50271933,20.77145887,21.04019842,21.30893796,21.57767751,21.84641706,22.1151566,22.38389615,22.65263569,22.92137524,22.92137524,22.92137524,22.92137524,22.69614304,22.47091084,22.24567864,22.02044644,21.79521423,21.56998203,21.34474983,21.11951763
5_7,20.89428543,20.66905323,20.44382103,20.21858883,19.99335663,19.76812443,19.54289222,19.31766002,19.09242782,18.86719562,18.64196342,18.41673122,18.19149902,17.96626682,17.74103462,17.51580242,17.29057021,17.55602296,17.82147571,18.08692845,18.3523812,18.61783394,18.88328669,19.14873944,19.41419218,19.67964493,19.94509767,20.21055042,20.47600316,20.74145591,21.00690866,21.2723614,21.53781415,21.80326689,22.06871964,22.33417239,22.59962513,22.59962513,22.59962513,22.59962513,22.38916091,22.17869668,21.96823246,21.75776823,21.547304,21.33683978,21.12637555,20.91591133
5_8,20.7054471,20.49498288,20.28451865,20.07405442,19.8635902,19.65312597,19.44266175,19.23219752,19.0217333,18.81126907,18.60080485,18.39034062,18.17987639,17.96941217,17.75894794,17.54848372,17.33801949,17.62702853,17.91603757,18.2050466,18.49405564,18.78306468,19.07207371,19.36108275,19.65009179,19.93910082,20.22810986,20.5171189,20.80612793,21.09513697,21.384146,21.67315504,21.96216408,22.25117311,22.54018215,22.82919119,23.11820022,23.11820022,23.11820022,23.11820022,22.89806265,22.67792508,22.45778751,22.23764994,22.01751236,21.79737479,21.57723722,21.35709965
5_9,21.13696208,20.91682451,20.69668693,20.47654936,20.25641179,20.03627422,19.81613665,19.59599907,19.3758615,19.15572393,18.93558636,18.71544879,18.49531121,18.27517364,18.05503607,17.8348985,17.61476093,17.85093399,18.08710704,18.3232801,18.55945316,18.79562622,19.03179928,19.26797234,19.5041454,19.74031845,19.97649151,20.21266457,20.44883763,20.68501069,20.92118375,21.1573568,21.39352986,21.62970292,21.86587598,22.10204904,22.3382221,22.3382221,22.3382221,22.3382221,22.13745652,21.93669093,21.73592535,21.53515977,21.33439419,21.1336286,20.93286302,20.73209744
5_10,20.53133186,20.33056627,20.12980069,19.92903511,19.72826953,19.52750394,19.32673836,19.12597278,18.9252072,18.72444161,18.52367603,18.32291045,18.12214487,17.92137928,17.7206137,17.51984812,17.31908254,17.61258531,17.90608809,18.19959087,18.49309365,18.78659643,19.0800992,19.37360198,19.66710476,19.96060754,20.25411032,20.5476131,20.84111587,21.13461865,21.42812143,21.72162421,22.01512699,22.30862976,22.60213254,22.89563532,23.1891381,23.1891381,23.1891381,23.1891381,22.95684774,22.72455738,22.49226702,22.25997666,22.0276863,21.79539594,21.56310558,21.33081523
5_11,21.09852487,20.86623451,20.63394415,20.40165379,20.16936343,19.93707307,19.70478271,19.47249235,19.24020199,19.00791164,18.77562128,18.54333092,18.31104056,18.0787502,17.84645984,17.61416948,17.38187912,17.65352067,17.92516222,18.19680377,18.46844532,18.74008687,19.01172842,19.28336997,19.55501152,19.82665307,20.09829462,20.36993617,20.64157772,20.91321927,21.18486082,21.45650237,21.72814392,21.99978547,22.27142702,22.54306857,22.81471012,22.81471012,22.81471012,22.81471012,22.58586582,22.35702152,22.12817723,21.89933293,21.67048864,21.44164434,21.21280004,20.98395575
5_12,20.75511145,20.52626716,20.29742286,20.06857856,19.83973427,19.61088997,19.38204567,19.15320138,18.92435708,18.69551279,18.46666849,18.23782419,18.0089799,17.7801356,17.5512913,17.32244701,17.09360271,17.39207755,17.6905524,17.98902724,18.28750208,18.58597692,18.88445177,19.18292661,19.48140145,19.77987629,20.07835114,20.37682598,20.67530082,20.97377566,21.27225051,21.57072535,21.86920019,22.16767503,22.46614988,22.76462472,23.06309956,23.06309956,23.06309956,23.06309956,22.839336,22.61557244,22.39180887,22.16804531,21.94428175,21.72051819,21.49675462,21.27299106
5_13,21.0492275,20.82546394,20.60170037,20.37793681,20.15417325,19.93040969,19.70664612,19.48288256,19.259119,19.03535544,18.81159187,18.58782831,18.36406475,18.14030119,17.91653762,17.69277406,17.4690105,17.75191401,18.03481753,18.31772105,18.60062456,18.88352808,19.16643159,19.44933511,19.73223863,20.01514214,20.29804566,20.58094917,20.86385269,21.14675621,21.42965972,21.71256324,21.99546676,22.27837027,22.56127379,22.8441773,23.12708082,23.12708082,23.12708082,23.12708082,22.90887471,22.6906686,22.47246249,22.25425638,22.03605027,21.81784416,21.59963805,21.38143195
5_14,21.16322584,20.94501973,20.72681362,20.50860751,20.2904014,20.07219529,19.85398918,19.63578307,19.41757696,19.19937085,18.98116474,18.76295863,18.54475252,18.32654642,18.10834031,17.8901342,17.67192809,17.9502911,18.22865411,18.50701712,18.78538013,19.06374314,19.34210616,19.62046917,19.89883218,20.17719519,20.4555582,20.73392121,21.01228422,21.29064723,21.56901024,21.84737326,22.12573627,22.40409928,22.68246229,22.9608253,23.23918831,23.23918831,23.23918831,23.23918831,23.01486252,22.79053673,22.56621094,22.34188514,22.11755935,21.89323356,21.66890777,21.44458197
5_15,21.22025618,20.99593039,20.7716046,20.5472788,20.32295301,20.09862722,19.87430143,19.64997563,19.42564984,19.20132405,18.97699826,18.75267246,18.52834667,18.30402088,18.07969509,17.85536929,17.6310435,17.92931214,18.22758078,18.52584942,18.82411805,19.12238669,19.42065533,19.71892397,20.01719261,20.31546124,20.61372988,20.91199852,21.21026716,21.5085358,21.80680444,22.10507307,22.40334171,22.70161035,22.99987899,23.29814763,23.59641626,23.59641626,23.59641626,23.59641626,23.35659922,23.11678218,22.87696514,22.6371481,22.39733105,22.15751401,21.91769697,21.67787993
5_16,21.43806289,21.19824584,20.9584288,20.71861176,20.47879472,20.23897768,19.99916063,19.75934359,19.51952655,19.27970951,19.03989247,18.80007542,18.56025838,18.32044134,18.0806243,17.84080726,17.60099021,17.89833249,18.19567477,18.49301705,18.79035932,19.0877016,19.38504388,19.68238615,19.97972843,20.27707071,20.57441299,20.87175526,21.16909754,21.46643982,21.76378209,22.06112437,22.35846665,22.65580892,22.9531512,23.25049348,23.54783576,23.54783576,23.54783576,23.54783576,23.3287439,23.10965205,22.8905602,22.67146834,22.45237649,22.23328464,22.01419279,21.79510093
5_17,21.57600908,21.35691723,21.13782537,20.91873352,20.69964167,20.48054982,20.26145796,20.04236611,19.82327426,19.6041824,19.38509055,19.1659987,18.94690685,18.72781499,18.50872314,18.28963129,18.07053943,18.33432384,18.59810824,18.86189265,19.12567706,19.38946146,19.65324587,19.91703027,20.18081468,20.44459908,20.70838349,20.97216789,21.2359523,21.4997367,21.76352111,22.02730551,22.29108992,22.55487433,22.81865873,23.08244314,23.34622754,23.34622754,23.34622754,23.34622754,23.11494977,22.88367199,22.65239422,22.42111644,22.18983867,21.95856089,21.72728311,21.49600534
5_18,21.26472756,21.03344979,20.80217201,20.57089424,20.33961646,20.10833869,19.87706091,19.64578314,19.41450536,19.18322759,18.95194981,18.72067204,18.48939426,18.25811649,18.02683871,17.79556094,17.56428316,17.88213097,18.19997878,18.5178266,18.83567441,19.15352222,19.47137003,19.78921784,20.10706565,20.42491347,20.74276128,21.06060909,21.3784569,21.69630471,22.01415252,22.33200034,22.64984815,22.96769596,23.28554377,23.60339158,23.9212394,23.9212394,23.9212394,23.9212394,23.67619198,23.43114456,23.18609714,22.94104972,22.6960023,22.45095488,22.20590747,21.96086005
5_19,21.71581263,21.47076521,21.22571779,20.98067037,20.73562295,20.49057554,20.24552812,20.0004807,19.75543328,19.51038586,19.26533844,19.02029102,18.77524361,18.53019619,18.28514877,18.04010135,17.79505393,18.06792736,18.3408008,18.61367423,18.88654766,19.15942109,19.43229452,19.70516795,19.97804139,20.25091482,20.52378825,20.79666168,21.06953511,21.34240854,21.61528198,21.88815541,22.16102884,22.43390227,22.7067757,22.97964913,23.25252257,23.25252257,23.25252257,23.25252257,23.0313236,22.81012463,22.58892566,22.36772669,22.14652773,21.92532876,21.70412979,21.48293082
5_20,21.26173186,21.04053289,20.81933392,20.59813495,20.37693598,20.15573702,19.93453805,19.71333908,19.49214011,19.27094115,19.04974218,18.82854321,18.60734424,18.38614527,18.16494631,17.94374734,17.72254837,18.01967643,18.31680448,18.61393254,18.9110606,19.20818865,19.50531671,19.80244476,20.09957282,20.39670088,20.69382893,20.99095699,21.28808504,21.5852131,21.88234116,22.17946921,22.47659727,22.77372532,23.07085338,23.36798144,23.66510949,23.66510949,23.66510949,23.66510949,23.42854077,23.19197205,22.95540333,22.71883461,22.48226588,22.24569716,22.00912844,21.77255972
5_21,21.535991,21.29942228,21.06285356,20.82628483,20.58971611,20.35314739,20.11657867,19.88000995,19.64344123,19.4068725,19.17030378,18.93373506,18.69716634,18.46059762,18.2240289,17.98746018,17.75089145,18.05381461,18.35673777,18.65966092,18.96258408,19.26550724,19.56843039,19.87135355,20.17427671,20.47719986,20.78012302,21.08304618,21.38596933,21.68889249,21.99181565,22.2947388,22.59766196,22.90058512,23.20350827,23.50643143,23.80935459,23.80935459,23.80935459,23.80935459,23.5819376,23.35452061,23.12710362,22.89968663,22.67226965,22.44485266,22.21743567,21.99001868
5_22,21.7626017,21.53518471,21.30776772,21.08035073,20.85293375,20.62551676,20.39809977,20.17068278,19.94326579,19.71584881,19.48843182,19.26101483,19.03359784,18.80618086,18.57876387,18.35134688,18.12392989,18.39296293,18.66199598,18.93102902,19.20006206,19.4690951,19.73812814,20.00716119,20.27619423,20.54522727,20.81426031,21.08329335,21.3523264,21.62135944,21.89039248,22.15942552,22.42845856,22.69749161,22.96652465,23.23555769,23.50459073,23.50459073,23.50459073,23.50459073,23.29543446,23.08627818,22.87712191,22.66796563,22.45880936,22.24965308,22.04049681,21.83134053
5_23,21.62218426,21.41302798,21.20387171,20.99471543,20.78555916,20.57640288,20.3672466,20.15809033,19.94893405,19.73977778,19.5306215,19.32146523,19.11230895,18.90315268,18.6939964,18.48484013,18.27568385,18.56426578,18.85284772,19.14142965,19.43001158,19.71859351,20.00717544,20.29575737,20.5843393,20.87292123,21.16150316,21.45008509,21.73866702,22.02724895,22.31583088,22.60441281,22.89299475,23.18157668,23.47015861,23.75874054,24.04732247,24.04732247,24.04732247,24.04732247,23.80128741,23.55525234,23.30921728,23.06318222,22.81714716,22.5711121,22.32507704,22.07904197
5_24,21.83300691,21.58697185,21.34093679,21.09490173,20.84886666,20.6028316,20.35679654,20.11076148,19.86472642,19.61869135,19.37265629,19.12662123,18.88058617,18.63455111,18.38851605,18.14248098,17.89644592,18.21030058,18.52415524,18.83800991,19.15186457,19.46571923,19.77957389,20.09342855,20.40728321,20.72113788,21.03499254,21.3488472,21.66270186,21.97655652,22.29041118,22.60426584,22.91812051,23.23197517,23.54582983,23.85968449,24.17353915,24.17353915,24.17353915,24.17353915,23.93593255,23.69832595,23.46071934,23.22311274,22.98550614,22.74789954,22.51029294,22.27268633
5_25,22.03507973,21.79747313,21.55986653,21.32225993,21.08465332,20.84704672,20.60944012,20.37183352,20.13422691,19.89662031,19.65901371,19.42140711,19.18380051,18.9461939,18.7085873,18.4709807,18.2333741,18.53656715,18.83976019,19.14295324,19.44614629,19.74933934,20.05253239,20.35572544,20.65891848,20.96211153,21.26530458,21.56849763,21.87169068,22.17488373,22.47807677,22.78126982,23.08446287,23.38765592,23.69084897,23.99404202,24.29723506,24.29723506,24.29723506,24.29723506,24.04659848,23.7959619,23.54532532,23.29468874,23.04405215,22.79341557,22.54277899,22.29214241
5_26,22.04150583,21.79086924,21.54023266,21.28959608,21.0389595,20.78832292,20.53768634,20.28704975,20.03641317,19.78577659,19.53514001,19.28450343,19.03386684,18.78323026,18.53259368,18.2819571,18.03132052,18.3289318,18.62654307,18.92415435,19.22176563,19.51937691,19.81698819,20.11459946,20.41221074,20.70982202,21.0074333,21.30504458,21.60265585,21.90026713,22.19787841,22.49548969,22.79310097,23.09071224,23.38832352,23.6859348,23.98354608,23.98354608,23.98354608,23.98354608,23.74841714,23.51328819,23.27815925,23.04303031,22.80790136,22.57277242,22.33764348,22.10251454
5_27,21.86738559,21.63225665,21.39712771,21.16199876,20.92686982,20.69174088,20.45661194,20.22148299,19.98635405,19.75122511,19.51609616,19.28096722,19.04583828,18.81070934,18.57558039,18.34045145,18.10532251,18.41773641,18.73015031,19.04256422,19.35497812,19.66739202,19.97980592,20.29221983,20.60463373,20.91704763,21.22946154,21.54187544,21.85428934,22.16670325,22.47911715,22.79153105,23.10394495,23.41635886,23.72877276,24.04118666,24.35360057,24.35360057,24.35360057,24.35360057,24.11402402,23.87444748,23.63487093,23.39529439,23.15571784,22.9161413,22.67656476,22.43698821
5_28,22.19741167,21.95783512,21.71825858,21.47868203,21.23910549,20.99952894,20.7599524,20.52037586,20.28079931,20.04122277,19.80164622,19.56206968,19.32249313,19.08291659,18.84334004,18.6037635,18.36418696,18.64664511,18.92910326,19.21156141,19.49401956,19.77647771,20.05893586,20.34139401,20.62385216,20.90631031,21.18876846,21.47122661,21.75368476,22.03614291,22.31860106,22.60105921,22.88351736,23.16597551,23.44843366,23.73089181,24.01334996,24.01334996,24.01334996,24.01334996,23.77914702,23.54494408,23.31074115,23.07653821,22.84233527,22.60813233,22.37392939,22.13972646
5_29,21.90552352,21.67132058,21.43711764,21.2029147,20.96871177,20.73450883,20.50030589,20.26610295,20.03190001,19.79769707,19.56349414,19.3292912,19.09508826,18.86088532,18.62668238,18.39247945,18.15827651,18.47656078,18.79484505,19.11312932,19.43141359,19.74969786,20.06798213,20.3862664,20.70455067,21.02283494,21.34111921,21.65940348,21.97768775,22.29597202,22.61425629,22.93254056,23.25082483,23.5691091,23.88739337,24.20567764,24.52396191,24.52396191,24.52396191,24.52396191,24.28331685,24.04267178,23.80202671,23.56138165,23.32073658,23.08009152,22.83944645,22.59880138
5_30,22.35815632,22.11751125,21.87686618,21.63622112,21.39557605,21.15493099,20.91428592,20.67364085,20.43299579,20.19235072,19.95170566,19.71106059,19.47041552,19.22977046,18.98912539,18.74848032,18.50783526,18.79504992,19.08226457,19.36947923,19.65669389,19.94390855,20.2311232,20.51833786,20.80555252,21.09276718,21.37998183,21.66719649,21.95441115,22.24162581,22.52884046,22.81605512,23.10326978,23.39048444,23.67769909,23.96491375,24.25212841,24.25212841,24.25212841,24.25212841,24.01748759,23.78284677,23.54820594,23.31356512,23.0789243,22.84428348,22.60964266,22.37500183
5_31,22.14036101,21.90572019,21.67107937,21.43643855,21.20179773,20.9671569,20.73251608,20.49787526,20.26323444,20.02859362,19.79395279,19.55931197,19.32467115,19.09003033,18.85538951,18.62074869,18.38610786,18.70448744,19.02286702,19.3412466,19.65962618,19.97800576,20.29638533,20.61476491,20.93314449,21.25152407,21.56990365,21.88828323,22.20666281,22.52504238,22.84342196,23.16180154,23.48018112,23.7985607,24.11694028,24.43531986,24.75369943,24.75369943,24.75369943,24.75369943,24.50236274,24.25102604,23.99968934,23.74835265,23.49701595,23.24567925,22.99434256,22.74300586
6_1,22.49166916,22.24033246,21.98899577,21.73765907,21.48632237,21.23498568,20.98364898,20.73231228,20.48097559,20.22963889,19.97830219,19.72696549,19.4756288,19.2242921,18.9729554,18.72161871,18.47028201,18.78418165,19.0980813,19.41198094,19.72588058,20.03978023,20.35367987,20.66757951,20.98147916,21.2953788,21.60927844,21.92317809,22.23707773,22.55097737,22.86487702,23.17877666,23.4926763,23.80657595,24.12047559,24.43437523,24.74827488,24.74827488,24.74827488,24.74827488,24.48742944,24.22658401,23.96573857,23.70489313,23.4440477,23.18320226,22.92235683,22.66151139
6_2,22.40066595,22.13982052,21.87897508,21.61812964,21.35728421,21.09643877,20.83559334,20.5747479,20.31390246,20.05305703,19.79221159,19.53136616,19.27052072,19.00967528,18.74882985,18.48798441,18.22713898,18.5258463,18.82455362,19.12326095,19.42196827,19.72067559,20.01938292,20.31809024,20.61679756,20.91550489,21.21421221,21.51291953,21.81162686,22.11033418,22.4090415,22.70774883,23.00645615,23.30516347,23.6038708,23.90257812,24.20128544,24.20128544,24.20128544,24.20128544,23.98342743,23.76556942,23.54771141,23.3298534,23.11199539,22.89413738,22.67627936,22.45842135
6_3,22.24056334,22.02270533,21.80484732,21.58698931,21.3691313,21.15127329,20.93341527,20.71555726,20.49769925,20.27984124,20.06198323,19.84412522,19.62626721,19.40840919,19.19055118,18.97269317,18.75483516,19.03237514,19.30991511,19.58745509,19.86499506,20.14253504,20.42007501,20.69761499,20.97515496,21.25269494,21.53023491,21.80777489,22.08531486,22.36285484,22.64039481,22.91793479,23.19547476,23.47301474,23.75055471,24.02809469,24.30563466,24.30563466,24.30563466,24.30563466,24.08006149,23.85448832,23.62891514,23.40334197,23.1777688,22.95219562,22.72662245,22.50104928
6_4,22.27547611,22.04990293,21.82432976,21.59875659,21.37318341,21.14761024,20.92203707,20.69646389,20.47089072,20.24531755,20.01974438,19.7941712,19.56859803,19.34302486,19.11745168,18.89187851,18.66630534,18.96676651,19.26722768,19.56768886,19.86815003,20.16861121,20.46907238,20.76953356,21.06999473,21.3704559,21.67091708,21.97137825,22.27183943,22.5723006,22.87276177,23.17322295,23.47368412,23.7741453,24.07460647,24.37506765,24.67552882,24.67552882,24.67552882,24.67552882,24.436755,24.19798119,23.95920737,23.72043355,23.48165973,23.24288592,23.0041121,22.76533828
6_5,22.52656447,22.28779065,22.04901683,21.81024302,21.5714692,21.33269538,21.09392156,20.85514775,20.61637393,20.37760011,20.1388263,19.90005248,19.66127866,19.42250485,19.18373103,18.94495721,18.7061834,19.03999713,19.37381086,19.70762459,20.04143832,20.37525206,20.70906579,21.04287952,21.37669325,21.71050698,22.04432072,22.37813445,22.71194818,23.04576191,23.37957565,23.71338938,24.04720311,24.38101684,24.71483057,25.04864431,25.38245804,25.38245804,25.38245804,25.38245804,25.10285878,24.82325952,24.54366027,24.26406101,23.98446175,23.70486249,23.42526323,23.14566398
6_6,22.86606472,22.58646546,22.3068662,22.02726695,21.74766769,21.46806843,21.18846917,20.90886991,20.62927066,20.3496714,20.07007214,19.79047288,19.51087363,19.23127437,18.95167511,18.67207585,18.3924766,18.69708858,19.00170056,19.30631255,19.61092453,19.91553651,20.2201485,20.52476048,20.82937247,21.13398445,21.43859643,21.74320842,22.0478204,22.35243239,22.65704437,22.96165635,23.26626834,23.57088032,23.87549231,24.18010429,24.48471627,24.48471627,24.48471627,24.48471627,24.26299569,24.04127511,23.81955453,23.59783395,23.37611337,23.15439279,22.93267221,22.71095163
6_7,22.48923105,22.26751047,22.04578989,21.82406931,21.60234873,21.38062815,21.15890757,20.93718699,20.71546641,20.49374583,20.27202525,20.05030467,19.82858409,19.60686351,19.38514293,19.16342235,18.94170177,19.21530649,19.48891121,19.76251593,20.03612066,20.30972538,20.5833301,20.85693482,21.13053955,21.40414427,21.67774899,21.95135371,22.22495844,22.49856316,22.77216788,23.0457726,23.31937732,23.59298205,23.86658677,24.14019149,24.41379621,24.41379621,24.41379621,24.41379621,24.17849447,23.94319273,23.70789098,23.47258924,23.23728749,23.00198575,22.766684,22.53138226
6_8,22.29608051,22.06077877,21.82547702,21.59017528,21.35487353,21.11957179,20.88427004,20.6489683,20.41366655,20.17836481,19.94306306,19.70776132,19.47245957,19.23715783,19.00185608,18.76655434,18.5312526,18.81832741,19.10540222,19.39247703,19.67955185,19.96662666,20.25370147,20.54077628,20.8278511,21.11492591,21.40200072,21.68907553,21.97615035,22.26322516,22.55029997,22.83737479,23.1244496,23.41152441,23.69859922,23.98567404,24.27274885,24.27274885,24.27274885,24.27274885,24.04847793,23.824207,23.59993608,23.37566516,23.15139423,22.92712331,22.70285239,22.47858146
6_9,22.25431054,22.03003962,21.80576869,21.58149777,21.35722685,21.13295592,20.908685,20.68441408,20.46014315,20.23587223,20.01160131,19.78733038,19.56305946,19.33878854,19.11451761,18.89024669,18.66597577,18.99426117,19.32254658,19.65083198,19.97911739,20.3074028,20.6356882,20.96397361,21.29225901,21.62054442,21.94882982,22.27711523,22.60540064,22.93368604,23.26197145,23.59025685,23.91854226,24.24682767,24.57511307,24.90339848,25.23168388,25.23168388,25.23168388,25.23168388,24.98291036,24.73413683,24.4853633,24.23658977,23.98781625,23.73904272,23.49026919,23.24149566
6_10,22.99272214,22.74394861,22.49517508,22.24640155,21.99762803,21.7488545,21.50008097,21.25130744,21.00253392,20.75376039,20.50498686,20.25621333,20.00743981,19.75866628,19.50989275,19.26111922,19.0123457,19.30705631,19.60176692,19.89647753,20.19118814,20.48589875,20.78060936,21.07531997,21.37003058,21.66474119,21.9594518,22.25416241,22.54887302,22.84358363,23.13829424,23.43300485,23.72771546,24.02242607,24.31713668,24.61184729,24.9065579,24.9065579,24.9065579,24.9065579,24.65687761,24.40719732,24.15751703,23.90783673,23.65815644,23.40847615,23.15879586,22.90911556
6_11,22.65943527,22.40975498,22.16007469,21.91039439,21.6607141,21.41103381,21.16135352,20.91167323,20.66199293,20.41231264,20.16263235,19.91295206,19.66327176,19.41359147,19.16391118,18.91423089,18.6645506,19.00769786,19.35084512,19.69399239,20.03713965,20.38028692,20.72343418,21.06658145,21.40972871,21.75287597,22.09602324,22.4391705,22.78231777,23.12546503,23.4686123,23.81175956,24.15490683,24.49805409,24.84120135,25.18434862,25.52749588,25.52749588,25.52749588,25.52749588,25.26707265,25.00664942,24.7462262,24.48580297,24.22537974,23.96495651,23.70453328,23.44411005
6_12,23.18368682,22.92326359,22.66284036,22.40241713,22.1419939,21.88157067,21.62114744,21.36072421,21.10030099,20.83987776,20.57945453,20.3190313,20.05860807,19.79818484,19.53776161,19.27733838,19.01691515,19.2927614,19.56860765,19.8444539,20.12030015,20.3961464,20.67199264,20.94783889,21.22368514,21.49953139,21.77537764,22.05122389,22.32707014,22.60291639,22.87876263,23.15460888,23.43045513,23.70630138,23.98214763,24.25799388,24.53384013,24.53384013,24.53384013,24.53384013,24.31840027,24.10296042,23.88752057,23.67208072,23.45664086,23.24120101,23.02576116,22.8103213
6_13,22.59488145,22.3794416,22.16400175,21.94856189,21.73312204,21.51768219,21.30224233,21.08680248,20.87136263,20.65592278,20.44048292,20.22504307,20.00960322,19.79416336,19.57872351,19.36328366,19.1478438,19.40909185,19.6703399,19.93158795,20.19283599,20.45408404,20.71533209,20.97658013,21.23782818,21.49907623,21.76032427,22.02157232,22.28282037,22.54406841,22.80531646,23.06656451,23.32781255,23.5890606,23.85030865,24.11155669,24.37280474,24.37280474,24.37280474,24.37280474,24.16876305,23.96472135,23.76067966,23.55663797,23.35259627,23.14855458,22.94451289,22.74047119
6_14,22.5364295,22.3323878,22.12834611,21.92430442,21.72026272,21.51622103,21.31217934,21.10813764,20.90409595,20.70005426,20.49601256,20.29197087,20.08792917,19.88388748,19.67984579,19.47580409,19.2717624,19.52389336,19.77602432,20.02815529,20.28028625,20.53241721,20.78454817,21.03667914,21.2888101,21.54094106,21.79307202,22.04520299,22.29733395,22.54946491,22.80159587,23.05372684,23.3058578,23.55798876,23.81011972,24.06225069,24.31438165,24.31438165,24.31438165,24.31438165,24.11530347,23.91622529,23.71714711,23.51806893,23.31899075,23.11991257,22.92083439,22.72175621
6_15,22.52267803,22.32359985,22.12452167,21.92544349,21.7263653,21.52728712,21.32820894,21.12913076,20.93005258,20.7309744,20.53189622,20.33281804,20.13373986,19.93466168,19.7355835,19.53650532,19.33742714,19.61418951,19.89095187,20.16771424,20.44447661,20.72123897,20.99800134,21.27476371,21.55152607,21.82828844,22.1050508,22.38181317,22.65857554,22.9353379,23.21210027,23.48886264,23.765625,24.04238737,24.31914974,24.5959121,24.87267447,24.87267447,24.87267447,24.87267447,24.63698045,24.40128642,24.1655924,23.92989838,23.69420435,23.45851033,23.22281631,22.98712228
6_16,22.75142826,22.51573424,22.28004022,22.04434619,21.80865217,21.57295815,21.33726412,21.1015701,20.86587608,20.63018205,20.39448803,20.15879401,19.92309998,19.68740596,19.45171194,19.21601792,18.98032389,19.31570576,19.65108762,19.98646949,20.32185135,20.65723322,20.99261508,21.32799695,21.66337882,21.99876068,22.33414255,22.66952441,23.00490628,23.34028814,23.67567001,24.01105187,24.34643374,24.6818156,25.01719747,25.35257933,25.6879612,25.6879612,25.6879612,25.6879612,25.44166284,25.19536448,24.94906611,24.70276775,24.45646939,24.21017103,23.96387266,23.7175743
6_17,23.47127594,23.22497758,22.97867922,22.73238085,22.48608249,22.23978413,21.99348577,21.74718741,21.50088904,21.25459068,21.00829232,20.76199396,20.51569559,20.26939723,20.02309887,19.77680051,19.53050215,19.81340789,20.09631363,20.37921938,20.66212512,20.94503086,21.2279366,21.51084235,21.79374809,22.07665383,22.35955958,22.64246532,22.92537106,23.2082768,23.49118255,23.77408829,24.05699403,24.33989978,24.62280552,24.90571126,25.188617,25.188617,25.188617,25.188617,24.96634738,24.74407775,24.52180812,24.2995385,24.07726887,23.85499924,23.63272961,23.41045999
6_18,23.18819036,22.96592073,22.7436511,22.52138148,22.29911185,22.07684222,21.8545726,21.63230297,21.41003334,21.18776371,20.96549409,20.74322446,20.52095483,20.2986852,20.07641558,19.85414595,19.63187632,19.91389801,20.19591971,20.4779414,20.75996309,21.04198478,21.32400647,21.60602816,21.88804986,22.17007155,22.45209324,22.73411493,23.01613662,23.29815831,23.58018001,23.8622017,24.14422339,24.42624508,24.70826677,24.99028846,25.27231016,25.27231016,25.27231016,25.27231016,25.02996985,24.78762954,24.54528924,24.30294893,24.06060862,23.81826832,23.57592801,23.3335877
6_19,23.0912474,22.84890709,22.60656678,22.36422648,22.12188617,21.87954586,21.63720556,21.39486525,21.15252494,20.91018463,20.66784433,20.42550402,20.18316371,19.94082341,19.6984831,19.45614279,19.21380249,19.54200327,19.87020406,20.19840485,20.52660563,20.85480642,21.18300721,21.51120799,21.83940878,22.16760956,22.49581035,22.82401114,23.15221192,23.48041271,23.8086135,24.13681428,24.46501507,24.79321586,25.12141664,25.44961743,25.77781821,25.77781821,25.77781821,25.77781821,25.52783222,25.27784623,25.02786024,24.77787425,24.52788826,24.27790227,24.02791627,23.77793028
6_20,23.52794429,23.2779583,23.02797231,22.77798632,22.52800033,22.27801433,22.02802834,21.77804235,21.52805636,21.27807037,21.02808438,20.77809839,20.52811239,20.2781264,20.02814041,19.77815442,19.52816843,19.85386982,20.17957122,20.50527261,20.830974,21.1566754,21.48237679,21.80807818,22.13377957,22.45948097,22.78518236,23.11088375,23.43658515,23.76228654,24.08798793,24.41368933,24.73939072,25.06509211,25.39079351,25.7164949,26.04219629,26.04219629,26.04219629,26.04219629,25.76231414,25.48243198,25.20254983,24.92266768,24.64278552,24.36290337,24.08302121,23.80313906
6_21,23.52325691,23.24337475,22.9634926,22.68361044,22.40372829,22.12384613,21.84396398,21.56408183,21.28419967,21.00431752,20.72443536,20.44455321,20.16467106,19.8847889,19.60490675,19.32502459,19.04514244,19.3964929,19.74784336,20.09919381,20.45054427,20.80189473,21.15324519,21.50459565,21.8559461,22.20729656,22.55864702,22.90999748,23.26134794,23.61269839,23.96404885,24.31539931,24.66674977,25.01810023,25.36945068,25.72080114,26.0721516,26.0721516,26.0721516,26.0721516,25.80406665,25.53598171,25.26789676,24.99981181,24.73172686,24.46364192,24.19555697,23.92747202
6_22,23.65938708,23.39130213,23.12321718,22.85513223,22.58704729,22.31896234,22.05087739,21.78279245,21.5147075,21.24662255,20.9785376,20.71045266,20.44236771,20.17428276,19.90619782,19.63811287,19.37002792,19.70811583,20.04620374,20.38429165,20.72237956,21.06046746,21.39855537,21.73664328,22.07473119,22.4128191,22.750907,23.08899491,23.42708282,23.76517073,24.10325864,24.44134655,24.77943445,25.11752236,25.45561027,25.79369818,26.13178609,26.13178609,26.13178609,26.13178609,25.86551039,25.5992347,25.33295901,25.06668332,24.80040762,24.53413193,24.26785624,24.00158054
6_23,23.73530485,23.46902916,23.20275347,22.93647777,22.67020208,22.40392639,22.13765069,21.871375,21.60509931,21.33882362,21.07254792,20.80627223,20.53999654,20.27372084,20.00744515,19.74116946,19.47489377,19.77023012,20.06556646,20.36090281,20.65623916,20.95157551,21.24691186,21.54224821,21.83758456,22.13292091,22.42825726,22.72359361,23.01892996,23.31426631,23.60960266,23.904939,24.20027535,24.4956117,24.79094805,25.0862844,25.38162075,25.38162075,25.38162075,25.38162075,25.14435975,24.90709875,24.66983776,24.43257676,24.19531576,23.95805476,23.72079376,23.48353277
6_24,23.24627177,23.00901077,22.77174977,22.53448877,22.29722777,22.05996678,21.82270578,21.58544478,21.34818378,21.11092278,20.87366178,20.63640079,20.39913979,20.16187879,19.92461779,19.68735679,19.4500958,19.77202049,20.09394518,20.41586987,20.73779456,21.05971925,21.38164394,21.70356863,22.02549332,22.34741801,22.6693427,22.99126739,23.31319208,23.63511677,23.95704147,24.27896616,24.60089085,24.92281554,25.24474023,25.56666492,25.88858961,25.88858961,25.88858961,25.88858961,25.63162242,25.37465523,25.11768804,24.86072085,24.60375366,24.34678647,24.08981928,23.83285209
6_25,23.5758849,23.31891771,23.06195052,22.80498333,22.54801614,22.29104895,22.03408176,21.77711457,21.52014738,21.26318019,21.006213,20.7492458,20.49227861,20.23531142,19.97834423,19.72137704,19.46440985,19.81631791,20.16822597,20.52013402,20.87204208,21.22395013,21.57585819,21.92776625,22.2796743,22.63158236,22.98349041,23.33539847,23.68730653,24.03921458,24.39112264,24.7430307,25.09493875,25.44684681,25.79875486,26.15066292,26.50257098,26.50257098,26.50257098,26.50257098,26.23498341,25.96739585,25.69980829,25.43222073,25.16463316,24.8970456,24.62945804,24.36187048
6_26,24.09428291,23.82669535,23.55910779,23.29152023,23.02393266,22.7563451,22.48875754,22.22116998,21.95358241,21.68599485,21.41840729,21.15081972,20.88323216,20.6156446,20.34805704,20.08046947,19.81288191,20.11864472,20.42440753,20.73017034,21.03593315,21.34169596,21.64745877,21.95322158,22.25898439,22.5647472,22.87051,23.17627281,23.48203562,23.78779843,24.09356124,24.39932405,24.70508686,25.01084967,25.31661248,25.62237529,25.9281381,25.9281381,25.9281381,25.9281381,25.68485967,25.44158125,25.19830282,24.9550244,24.71174597,24.46846755,24.22518912,23.98191069
6_27,23.73863227,23.49535384,23.25207542,23.00879699,22.76551857,22.52224014,22.27896172,22.03568329,21.79240487,21.54912644,21.30584802,21.06256959,20.81929116,20.57601274,20.33273431,20.08945589,19.84617746,20.11626558,20.38635369,20.6564418,20.92652992,21.19661803,21.46670615,21.73679426,22.00688237,22.27697049,22.5470586,22.81714671,23.08723483,23.35732294,23.62741105,23.89749917,24.16758728,24.4376754,24.70776351,24.97785162,25.24793974,25.24793974,25.24793974,25.24793974,25.03747195,24.82700416,24.61653637,24.40606858,24.19560079,23.98513301,23.77466522,23.56419743
6_28,23.35372964,23.14326185,22.93279406,22.72232627,22.51185849,22.3013907,22.09092291,21.88045512,21.66998733,21.45951954,21.24905176,21.03858397,20.82811618,20.61764839,20.4071806,20.19671281,19.98624502,20.29092248,20.59559993,20.90027738,21.20495484,21.50963229,21.81430974,22.11898719,22.42366465,22.7283421,23.03301955,23.337697,23.64237446,23.94705191,24.25172936,24.55640681,24.86108427,25.16576172,25.47043917,25.77511663,26.07979408,26.07979408,26.07979408,26.07979408,25.82176549,25.56373691,25.30570832,25.04767973,24.78965115,24.53162256,24.27359398,24.01556539
6_29,23.7575368,23.49950822,23.24147963,22.98345104,22.72542246,22.46739387,22.20936529,21.9513367,21.69330811,21.43527953,21.17725094,20.91922236,20.66119377,20.40316518,20.1451366,19.88710801,19.62907942,19.9662236,20.30336778,20.64051196,20.97765614,21.31480031,21.65194449,21.98908867,22.32623285,22.66337703,23.0005212,23.33766538,23.67480956,24.01195374,24.34909792,24.6862421,25.02338627,25.36053045,25.69767463,26.03481881,26.37196299,26.37196299,26.37196299,26.37196299,26.09768318,25.82340337,25.54912356,25.27484375,25.00056395,24.72628414,24.45200433,24.17772452
6_30,23.90344471,23.62916491,23.3548851,23.08060529,22.80632548,22.53204567,22.25776587,21.98348606,21.70920625,21.43492644,21.16064663,20.88636683,20.61208702,20.33780721,20.0635274,19.78924759,19.51496779,19.87613099,20.23729419,20.5984574,20.9596206,21.3207838,21.68194701,22.04311021,22.40427342,22.76543662,23.12659982,23.48776303,23.84892623,24.21008944,24.57125264,24.93241584,25.29357905,25.65474225,26.01590546,26.37706866,26.73823186,26.73823186,26.73823186,26.73823186,26.44982291,26.16141396,25.87300501,25.58459606,25.29618711,25.00777816,24.71936921,24.43096026
7_1,24.14255131,23.85414236,23.56573341,23.27732446,22.98891551,22.70050655,22.4120976,22.12368865,21.8352797,21.54687075,21.2584618,20.97005285,20.6816439,20.39323495,20.104826,19.81641705,19.5280081,19.85558938,20.18317066,20.51075194,20.83833323,21.16591451,21.49349579,21.82107707,22.14865836,22.47623964,22.80382092,23.1314022,23.45898349,23.78656477,24.11414605,24.44172733,24.76930862,25.0968899,25.42447118,25.75205246,26.07963375,26.07963375,26.07963375,26.07963375,25.81987144,25.56010913,25.30034683,25.04058452,24.78082221,24.52105991,24.2612976,24.0015353
7_2,23.74177299,23.48201068,23.22224838,22.96248607,22.70272376,22.44296146,22.18319915,21.92343684,21.66367454,21.40391223,21.14414993,20.88438762,20.62462531,20.36486301,20.1051007,19.84533839,19.58557609,19.92717437,20.26877265,20.61037093,20.95196922,21.2935675,21.63516578,21.97676406,22.31836234,22.65996063,23.00155891,23.34315719,23.68475547,24.02635375,24.36795204,24.70955032,25.0511486,25.39274688,25.73434516,26.07594344,26.41754173,26.41754173,26.41754173,26.41754173,26.15362327,25.88970481,25.62578635,25.36186788,25.09794942,24.83403096,24.5701125,24.30619404
7_3,24.04227558,23.77835712,23.51443866,23.2505202,22.98660174,22.72268328,22.45876482,22.19484636,21.9309279,21.66700944,21.40309098,21.13917252,20.87525406,20.6113356,20.34741714,20.08349868,19.81958021,20.16872656,20.5178729,20.86701924,21.21616558,21.56531193,21.91445827,22.26360461,22.61275095,22.9618973,23.31104364,23.66018998,24.00933632,24.35848267,24.70762901,25.05677535,25.40592169,25.75506804,26.10421438,26.45336072,26.80250706,26.80250706,26.80250706,26.80250706,26.51591663,26.2293262,25.94273577,25.65614533,25.3695549,25.08296447,24.79637403,24.5097836
7_4,24.22319317,23.93660274,23.6500123,23.36342187,23.07683144,22.790241,22.50365057,22.21706014,21.93046971,21.64387927,21.35728884,21.07069841,20.78410798,20.49751754,20.21092711,19.92433668,19.63774624,19.98205458,20.32636291,20.67067124,21.01497958,21.35928791,21.70359624,22.04790458,22.39221291,22.73652124,23.08082958,23.42513791,23.76944624,24.11375458,24.45806291,24.80237124,25.14667957,25.49098791,25.83529624,26.17960457,26.52391291,26.52391291,26.52391291,26.52391291,26.25489091,25.98586891,25.71684692,25.44782492,25.17880292,24.90978093,24.64075893,24.37173693
7_5,24.10271494,23.83369294,23.56467094,23.29564894,23.02662695,22.75760495,22.48858295,22.21956096,21.95053896,21.68151696,21.41249497,21.14347297,20.87445097,20.60542898,20.33640698,20.06738498,19.79836299,20.16696914,20.5355753,20.90418146,21.27278762,21.64139378,22.00999993,22.37860609,22.74721225,23.11581841,23.48442457,23.85303072,24.22163688,24.59024304,24.9588492,25.32745536,25.69606151,26.06466767,26.43327383,26.80187999,27.17048615,27.17048615,27.17048615,27.17048615,26.87243449,26.57438283,26.27633118,25.97827952,25.68022787,25.38217621,25.08412456,24.7860729
7_6,24.48802124,24.18996959,23.89191793,23.59386628,23.29581462,22.99776297,22.69971131,22.40165965,22.103608,21.80555634,21.50750469,21.20945303,20.91140137,20.61334972,20.31529806,20.01724641,19.71919475,20.04803553,20.37687631,20.70571708,21.03455786,21.36339864,21.69223941,22.02108019,22.34992097,22.67876174,23.00760252,23.3364433,23.66528408,23.99412485,24.32296563,24.65180641,24.98064718,25.30948796,25.63832874,25.96716952,26.29601029,26.29601029,26.29601029,26.29601029,26.03664597,25.77728164,25.51791731,25.25855298,24.99918866,24.73982433,24.48046,24.22109567
7_7,23.96173135,23.70236702,23.44300269,23.18363836,22.92427404,22.66490971,22.40554538,22.14618105,21.88681673,21.6274524,21.36808807,21.10872374,20.84935942,20.58999509,20.33063076,20.07126643,19.81190211,20.15636944,20.50083676,20.84530409,21.18977142,21.53423875,21.87870608,22.22317341,22.56764074,22.91210807,23.2565754,23.60104272,23.94551005,24.28997738,24.63444471,24.97891204,25.32337937,25.6678467,26.01231403,26.35678135,26.70124868,26.70124868,26.70124868,26.70124868,26.44197307,26.18269746,25.92342185,25.66414624,25.40487063,25.14559502,24.88631941,24.6270438
7_8,24.36776819,24.10849258,23.84921697,23.58994136,23.33066575,23.07139014,22.81211452,22.55283891,22.2935633,22.03428769,21.77501208,21.51573647,21.25646086,20.99718525,20.73790964,20.47863403,20.21935842,20.57099703,20.92263564,21.27427425,21.62591286,21.97755147,22.32919008,22.68082869,23.0324673,23.38410591,23.73574452,24.08738313,24.43902174,24.79066035,25.14229896,25.49393757,25.84557618,26.19721479,26.5488534,26.900492,27.25213061,27.25213061,27.25213061,27.25213061,26.95517598,26.65822135,26.36126672,26.06431209,25.76735746,25.47040283,25.1734482,24.87649357
7_9,24.57953894,24.28258431,23.98562968,23.68867505,23.39172042,23.09476579,22.79781116,22.50085652,22.20390189,21.90694726,21.60999263,21.313038,21.01608337,20.71912874,20.42217411,20.12521948,19.82826485,20.20759809,20.58693133,20.96626457,21.34559781,21.72493105,22.10426429,22.48359753,22.86293077,23.24226401,23.62159725,24.00093049,24.38026373,24.75959697,25.13893021,25.51826345,25.89759669,26.27692993,26.65626317,27.03559641,27.41492965,27.41492965,27.41492965,27.41492965,27.12972484,26.84452003,26.55931522,26.27411041,25.9889056,25.70370079,25.41849598,25.13329116
7_10,24.84808635,24.56288154,24.27767673,23.99247192,23.70726711,23.4220623,23.13685749,22.85165268,22.56644787,22.28124306,21.99603825,21.71083344,21.42562863,21.14042382,20.85521901,20.5700142,20.28480939,20.62919566,20.97358193,21.3179682,21.66235447,22.00674075,22.35112702,22.69551329,23.03989956,23.38428584,23.72867211,24.07305838,24.41744465,24.76183092,25.1062172,25.45060347,25.79498974,26.13937601,26.48376228,26.82814856,27.17253483,27.17253483,27.17253483,27.17253483,26.88032673,26.58811863,26.29591053,26.00370243,25.71149433,25.41928623,25.12707813,24.83487003
7_11,24.54266193,24.25045383,23.95824573,23.66603764,23.37382954,23.08162144,22.78941334,22.49720524,22.20499714,21.91278904,21.62058094,21.32837284,21.03616474,20.74395664,20.45174854,20.15954044,19.86733234,20.25309666,20.63886099,21.02462531,21.41038963,21.79615396,22.18191828,22.5676826,22.95344692,23.33921125,23.72497557,24.11073989,24.49650422,24.88226854,25.26803286,25.65379719,26.03956151,26.42532583,26.81109015,27.19685448,27.5826188,27.5826188,27.5826188,27.5826188,27.28500752,26.98739624,26.68978497,26.39217369,26.09456241,25.79695113,25.49933985,25.20172858
7_12,24.9041173,24.60650602,24.30889474,24.01128346,23.71367219,23.41606091,23.11844963,22.82083835,22.52322707,22.2256158,21.92800452,21.63039324,21.33278196,21.03517068,20.7375594,20.43994813,20.14233685,20.51115099,20.87996514,21.24877928,21.61759342,21.98640757,22.35522171,22.72403586,23.09285,23.46166414,23.83047829,24.19929243,24.56810658,24.93692072,25.30573486,25.67454901,26.04336315,26.4121773,26.78099144,27.14980558,27.51861973,27.51861973,27.51861973,27.51861973,27.24549609,26.97237245,26.69924881,26.42612517,26.15300154,25.8798779,25.60675426,25.33363062
7_13,25.06050698,24.78738334,24.51425971,24.24113607,23.96801243,23.69488879,23.42176515,23.14864151,22.87551788,22.60239424,22.3292706,22.05614696,21.78302332,21.50989969,21.23677605,20.96365241,20.69052877,21.04453851,21.39854825,21.75255798,22.10656772,22.46057746,22.8145872,23.16859693,23.52260667,23.87661641,24.23062615,24.58463588,24.93864562,25.29265536,25.6466651,26.00067483,26.35468457,26.70869431,27.06270405,27.41671378,27.77072352,27.77072352,27.77072352,27.77072352,27.46157121,27.1524189,26.84326659,26.53411428,26.22496197,25.91580966,25.60665735,25.29750504
7_14,24.98835273,24.67920042,24.3700481,24.06089579,23.75174348,23.44259117,23.13343886,22.82428655,22.51513424,22.20598193,21.89682962,21.58767731,21.278525,20.96937269,20.66022038,20.35106807,20.04191576,20.40573334,20.76955092,21.13336851,21.49718609,21.86100368,22.22482126,22.58863885,22.95245643,23.31627402,23.6800916,24.04390918,24.40772677,24.77154435,25.13536194,25.49917952,25.86299711,26.22681469,26.59063228,26.95444986,27.31826744,27.31826744,27.31826744,27.31826744,27.02209915,26.72593086,26.42976257,26.13359427,25.83742598,25.54125769,25.2450894,24.9489211
7_15,24.65275281,24.35658452,24.06041622,23.76424793,23.46807964,23.17191135,22.87574305,22.57957476,22.28340647,21.98723818,21.69106988,21.39490159,21.0987333,20.802565,20.50639671,20.21022842,19.91406013,20.28799063,20.66192114,21.03585165,21.40978215,21.78371266,22.15764317,22.53157367,22.90550418,23.27943469,23.6533652,24.0272957,24.40122621,24.77515672,25.14908722,25.52301773,25.89694824,26.27087874,26.64480925,27.01873976,27.39267026,27.39267026,27.39267026,27.39267026,27.09918628,26.8057023,26.51221831,26.21873433,25.92525035,25.63176636,25.33828238,25.04479839
7_16,24.75131441,24.45783043,24.16434644,23.87086246,23.57737848,23.28389449,22.99041051,22.69692653,22.40344254,22.10995856,21.81647457,21.52299059,21.22950661,20.93602262,20.64253864,20.34905466,20.05557067,20.44420003,20.8328294,21.22145876,21.61008812,21.99871748,22.38734684,22.7759762,23.16460556,23.55323493,23.94186429,24.33049365,24.71912301,25.10775237,25.49638173,25.8850111,26.27364046,26.66226982,27.05089918,27.43952854,27.8281579,27.8281579,27.8281579,27.8281579,27.52678239,27.22540688,26.92403137,26.62265586,26.32128035,26.01990484,25.71852933,25.41715382
7_17,25.11577831,24.8144028,24.51302729,24.21165178,23.91027627,23.60890076,23.30752525,23.00614974,22.70477423,22.40339872,22.10202321,21.8006477,21.49927219,21.19789668,20.89652117,20.59514566,20.29377015,20.66336947,21.03296879,21.40256812,21.77216744,22.14176677,22.51136609,22.88096541,23.25056474,23.62016406,23.98976339,24.35936271,24.72896203,25.09856136,25.46816068,25.83776,26.20735933,26.57695865,26.94655798,27.3161573,27.68575662,27.68575662,27.68575662,27.68575662,27.37601287,27.06626911,26.75652535,26.4467816,26.13703784,25.82729409,25.51755033,25.20780657
7_18,24.89806282,24.58831906,24.2785753,23.96883155,23.65908779,23.34934403,23.03960028,22.72985652,22.42011276,22.11036901,21.80062525,21.49088149,21.18113774,20.87139398,20.56165023,20.25190647,19.94216271,20.32865254,20.71514236,21.10163218,21.48812201,21.87461183,22.26110166,22.64759148,23.0340813,23.42057113,23.80706095,24.19355078,24.5800406,24.96653042,25.35302025,25.73951007,26.12599989,26.51248972,26.89897954,27.28546937,27.67195919,27.67195919,27.67195919,27.67195919,27.36879758,27.06563598,26.76247437,26.45931277,26.15615116,25.85298956,25.54982795,25.24666635
7_19,24.94350474,24.64034314,24.33718153,24.03401992,23.73085832,23.42769671,23.12453511,22.8213735,22.5182119,22.21505029,21.91188869,21.60872708,21.30556548,21.00240387,20.69924226,20.39608066,20.09291905,20.52124298,20.94956691,21.37789084,21.80621477,22.2345387,22.66286263,23.09118656,23.51951049,23.94783442,24.37615835,24.80448228,25.2328062,25.66113013,26.08945406,26.51777799,26.94610192,27.37442585,27.80274978,28.23107371,28.65939764,28.65939764,28.65939764,28.65939764,28.34052851,28.02165939,27.70279026,27.38392114,27.06505202,26.74618289,26.42731377,26.10844464
7_20,25.78957552,25.47070639,25.15183727,24.83296814,24.51409902,24.19522989,23.87636077,23.55749164,23.23862252,22.91975339,22.60088427,22.28201515,21.96314602,21.6442769,21.32540777,21.00653865,20.68766952,21.07290208,21.45813463,21.84336719,22.22859975,22.6138323,22.99906486,23.38429741,23.76952997,24.15476253,24.53999508,24.92522764,25.3104602,25.69569275,26.08092531,26.46615786,26.85139042,27.23662298,27.62185553,28.00708809,28.39232064,28.39232064,28.39232064,28.39232064,28.08073485,27.76914906,27.45756327,27.14597749,26.8343917,26.52280591,26.21122012,25.89963433
7_21,25.58804854,25.27646275,24.96487696,24.65329117,24.34170538,24.03011959,23.7185338,23.40694801,23.09536222,22.78377643,22.47219064,22.16060485,21.84901906,21.53743327,21.22584748,20.91426169,20.6026759,20.98031942,21.35796295,21.73560647,22.11324999,22.49089351,22.86853703,23.24618056,23.62382408,24.0014676,24.37911112,24.75675464,25.13439817,25.51204169,25.88968521,26.26732873,26.64497225,27.02261578,27.4002593,27.77790282,28.15554634,28.15554634,28.15554634,28.15554634,27.84486518,27.53418402,27.22350285,26.91282169,26.60214053,26.29145937,25.9807782,25.67009704
7_22,25.35941588,25.04873472,24.73805355,24.42737239,24.11669123,23.80601007,23.4953289,23.18464774,22.87396658,22.56328542,22.25260425,21.94192309,21.63124193,21.32056077,21.0098796,20.69919844,20.38851728,20.77753767,21.16655806,21.55557846,21.94459885,22.33361924,22.72263963,23.11166003,23.50068042,23.88970081,24.2787212,24.6677416,25.05676199,25.44578238,25.83480278,26.22382317,26.61284356,27.00186395,27.39088435,27.77990474,28.16892513,28.16892513,28.16892513,28.16892513,27.86998916,27.57105318,27.27211721,26.97318123,26.67424526,26.37530929,26.07637331,25.77743734
7_23,25.47850136,25.17956539,24.88062942,24.58169344,24.28275747,23.98382149,23.68488552,23.38594954,23.08701357,22.7880776,22.48914162,22.19020565,21.89126967,21.5923337,21.29339772,20.99446175,20.69552578,21.08795633,21.48038689,21.87281745,22.26524801,22.65767857,23.05010913,23.44253969,23.83497025,24.22740081,24.61983137,25.01226192,25.40469248,25.79712304,26.1895536,26.58198416,26.97441472,27.36684528,27.75927584,28.1517064,28.54413696,28.54413696,28.54413696,28.54413696,28.23381316,27.92348935,27.61316555,27.30284175,26.99251795,26.68219415,26.37187035,26.06154655
7_24,25.75122275,25.44089895,25.13057515,24.82025134,24.50992754,24.19960374,23.88927994,23.57895614,23.26863234,22.95830854,22.64798474,22.33766094,22.02733714,21.71701333,21.40668953,21.09636573,20.78604193,21.1795004,21.57295886,21.96641732,22.35987579,22.75333425,23.14679271,23.54025118,23.93370964,24.3271681,24.72062657,25.11408503,25.50754349,25.90100196,26.29446042,26.68791888,27.08137735,27.47483581,27.86829427,28.26175274,28.6552112,28.6552112,28.6552112,28.6552112,28.3373511,28.01949099,27.70163089,27.38377078,27.06591068,26.74805058,26.43019047,26.11233037
7_25,25.79447027,25.47661016,25.15875006,24.84088995,24.52302985,24.20516975,23.88730964,23.56944954,23.25158944,22.93372933,22.61586923,22.29800912,21.98014902,21.66228892,21.34442881,21.02656871,20.7087086,21.07763632,21.44656403,21.81549174,22.18441945,22.55334717,22.92227488,23.29120259,23.6601303,24.02905801,24.39798573,24.76691344,25.13584115,25.50476886,25.87369658,26.24262429,26.611552,26.98047971,27.34940742,27.71833514,28.08726285,28.08726285,28.08726285,28.08726285,27.78460183,27.48194082,27.17927981,26.87661879,26.57395778,26.27129676,25.96863575,25.66597473
7_26,25.36331372,25.06065271,24.75799169,24.45533068,24.15266966,23.85000865,23.54734764,23.24468662,22.94202561,22.63936459,22.33670358,22.03404256,21.73138155,21.42872054,21.12605952,20.82339851,20.52073749,20.93030128,21.33986506,21.74942884,22.15899263,22.56855641,22.97812019,23.38768398,23.79724776,24.20681154,24.61637533,25.02593911,25.43550289,25.84506668,26.25463046,26.66419424,27.07375803,27.48332181,27.89288559,28.30244938,28.71201316,28.71201316,28.71201316,28.71201316,28.38581367,28.05961418,27.73341469,27.4072152,27.08101571,26.75481622,26.42861673,26.10241724
7_27,25.77621775,25.45001826,25.12381877,24.79761928,24.47141979,24.1452203,23.81902081,23.49282132,23.16662183,22.84042233,22.51422284,22.18802335,21.86182386,21.53562437,21.20942488,20.88322539,20.5570259,20.97313523,21.38924455,21.80535388,22.2214632,22.63757253,23.05368185,23.46979118,23.88590051,24.30200983,24.71811916,25.13422848,25.55033781,25.96644713,26.38255646,26.79866578,27.21477511,27.63088443,28.04699376,28.46310308,28.87921241,28.87921241,28.87921241,28.87921241,28.56534848,28.25148456,27.93762063,27.62375671,27.30989278,26.99602886,26.68216493,26.36830101
7_28,26.05443708,25.74057316,25.42670923,25.11284531,24.79898138,24.48511746,24.17125353,23.85738961,23.54352568,23.22966176,22.91579783,22.60193391,22.28806998,21.97420606,21.66034213,21.34647821,21.03261428,21.43601331,21.83941234,22.24281137,22.6462104,23.04960943,23.45300846,23.85640749,24.25980652,24.66320555,25.06660458,25.4700036,25.87340263,26.27680166,26.68020069,27.08359972,27.48699875,27.89039778,28.29379681,28.69719584,29.10059487,29.10059487,29.10059487,29.10059487,28.76298902,28.42538318,28.08777734,27.75017149,27.41256565,27.0749598,26.73735396,26.39974811
7_29,26.06214227,25.72453643,25.38693058,25.04932474,24.71171889,24.37411305,24.0365072,23.69890136,23.36129552,23.02368967,22.68608383,22.34847798,22.01087214,21.67326629,21.33566045,20.99805461,20.66044876,21.08305776,21.50566675,21.92827574,22.35088474,22.77349373,23.19610273,23.61871172,24.04132072,24.46392971,24.88653871,25.3091477,25.7317567,26.15436569,26.57697469,26.99958368,27.42219268,27.84480167,28.26741066,28.69001966,29.11262865,29.11262865,29.11262865,29.11262865,28.76790764,28.42318664,28.07846563,27.73374462,27.38902361,27.0443026,26.69958159,26.35486058
7_30,26.01013957,25.66541856,25.32069755,24.97597654,24.63125553,24.28653453,23.94181352,23.59709251,23.2523715,22.90765049,22.56292948,22.21820847,21.87348746,21.52876645,21.18404544,20.83932443,20.49460342,20.89853556,21.30246769,21.70639982,22.11033195,22.51426409,22.91819622,23.32212835,23.72606048,24.12999261,24.53392475,24.93785688,25.34178901,25.74572114,26.14965328,26.55358541,26.95751754,27.36144967,27.7653818,28.16931394,28.57324607,28.57324607,28.57324607,28.57324607,28.25965364,27.94606121,27.63246878,27.31887635,27.00528392,26.69169149,26.37809906,26.06450663
7_31,25.7509142,25.43732177,25.12372934,24.81013691,24.49654448,24.18295205,23.86935962,23.55576719,23.24217476,22.92858233,22.6149899,22.30139747,21.98780504,21.67421261,21.36062018,21.04702775,20.73343532,21.13686151,21.54028771,21.94371391,22.3471401,22.7505663,23.1539925,23.55741869,23.96084489,24.36427109,24.76769728,25.17112348,25.57454968,25.97797587,26.38140207,26.78482827,27.18825446,27.59168066,27.99510686,28.39853305,28.80195925,28.80195925,28.80195925,28.80195925,28.46744353,28.13292781,27.7984121,27.46389638,27.12938066,26.79486494,26.46034922,26.12583351
8_1,25.79131779,25.45680207,25.12228635,24.78777063,24.45325492,24.1187392,23.78422348,23.44970776,23.11519205,22.78067633,22.44616061,22.11164489,21.77712917,21.44261346,21.10809774,20.77358202,20.4390663,20.86793491,21.29680353,21.72567214,22.15454075,22.58340936,23.01227797,23.44114658,23.8700152,24.29888381,24.72775242,25.15662103,25.58548964,26.01435825,26.44322687,26.87209548,27.30096409,27.7298327,28.15870131,28.58756992,29.01643854,29.01643854,29.01643854,29.01643854,28.69689816,28.37735778,28.0578174,27.73827702,27.41873664,27.09919626,26.77965588,26.4601155
8_2,26.14057512,25.82103474,25.50149436,25.18195398,24.8624136,24.54287322,24.22333284,23.90379246,23.58425207,23.26471169,22.94517131,22.62563093,22.30609055,21.98655017,21.66700979,21.34746941,21.02792903,21.38974915,21.75156927,22.11338939,22.47520951,22.83702963,23.19884975,23.56066986,23.92248998,24.2843101,24.64613022,25.00795034,25.36977046,25.73159058,26.09341069,26.45523081,26.81705093,27.17887105,27.54069117,27.90251129,28.2643314,28.2643314,28.2643314,28.2643314,27.96055128,27.65677115,27.35299102,27.04921089,26.74543076,26.44165063,26.1378705,25.83409037
8_3,25.53031024,25.22653011,24.92274998,24.61896985,24.31518972,24.01140959,23.70762946,23.40384933,23.1000692,22.79628907,22.49250894,22.18872881,21.88494868,21.58116855,21.27738842,20.9736083,20.66982817,21.02833343,21.38683869,21.74534395,22.10384921,22.46235447,22.82085973,23.17936499,23.53787025,23.89637551,24.25488077,24.61338603,24.97189129,25.33039655,25.68890181,26.04740707,26.40591233,26.76441759,27.12292285,27.48142812,27.83993338,27.83993338,27.83993338,27.83993338,27.55091588,27.26189838,26.97288088,26.68386338,26.39484588,26.10582838,25.81681089,25.52779339
8_4,25.23877589,24.94975839,24.66074089,24.37172339,24.08270589,23.7936884,23.5046709,23.2156534,22.9266359,22.6376184,22.3486009,22.0595834,21.77056591,21.48154841,21.19253091,20.90351341,20.61449591,20.9794808,21.34446569,21.70945058,22.07443547,22.43942035,22.80440524,23.16939013,23.53437502,23.89935991,24.2643448,24.62932968,24.99431457,25.35929946,25.72428435,26.08926924,26.45425412,26.81923901,27.1842239,27.54920879,27.91419368,27.91419368,27.91419368,27.91419368,27.62384329,27.3334929,27.04314251,26.75279212,26.46244173,26.17209134,25.88174095,25.59139056
8_5,25.30104017,25.01068978,24.72033939,24.429989,24.13963862,23.84928823,23.55893784,23.26858745,22.97823706,22.68788667,22.39753628,22.10718589,21.8168355,21.52648511,21.23613472,20.94578433,20.65543394,21.0402964,21.42515886,21.81002131,22.19488377,22.57974623,22.96460868,23.34947114,23.7343336,24.11919606,24.50405851,24.88892097,25.27378343,25.65864588,26.04350834,26.4283708,26.81323325,27.19809571,27.58295817,27.96782063,28.35268308,28.35268308,28.35268308,28.35268308,28.0492001,27.74571712,27.44223414,27.13875116,26.83526818,26.53178519,26.22830221,25.92481923
8_6,25.62133625,25.31785327,25.01437029,24.71088731,24.40740432,24.10392134,23.80043836,23.49695538,23.1934724,22.88998942,22.58650644,22.28302345,21.97954047,21.67605749,21.37257451,21.06909153,20.76560855,21.14543614,21.52526374,21.90509133,22.28491893,22.66474653,23.04457412,23.42440172,23.80422932,24.18405691,24.56388451,24.9437121,25.3235397,25.7033673,26.08319489,26.46302249,26.84285008,27.22267768,27.60250528,27.98233287,28.36216047,28.36216047,28.36216047,28.36216047,28.03162596,27.70109146,27.37055696,27.04002245,26.70948795,26.37895345,26.04841894,25.71788444
8_7,25.38734994,25.05681543,24.72628093,24.39574643,24.06521192,23.73467742,23.40414292,23.07360841,22.74307391,22.41253941,22.0820049,21.7514704,21.4209359,21.09040139,20.75986689,20.42933239,20.09879788,20.49677503,20.89475217,21.29272932,21.69070646,22.08868361,22.48666076,22.8846379,23.28261505,23.68059219,24.07856934,24.47654648,24.87452363,25.27250077,25.67047792,26.06845506,26.46643221,26.86440935,27.2623865,27.66036364,28.05834079,28.05834079,28.05834079,28.05834079,27.74058864,27.4228365,27.10508435,26.7873322,26.46958005,26.15182791,25.83407576,25.51632361
8_8,25.19857147,24.88081932,24.56306717,24.24531502,23.92756288,23.60981073,23.29205858,22.97430644,22.65655429,22.33880214,22.02104999,21.70329785,21.3855457,21.06779355,20.75004141,20.43228926,20.11453711,20.50553003,20.89652295,21.28751587,21.67850878,22.0695017,22.46049462,22.85148754,23.24248046,23.63347337,24.02446629,24.41545921,24.80645213,25.19744505,25.58843796,25.97943088,26.3704238,26.76141672,27.15240964,27.54340256,27.93439547,27.93439547,27.93439547,27.93439547,27.6389248,27.34345413,27.04798346,26.75251279,26.45704212,26.16157144,25.86610077,25.5706301
8_9,25.27515943,24.97968876,24.68421809,24.38874741,24.09327674,23.79780607,23.5023354,23.20686473,22.91139406,22.61592338,22.32045271,22.02498204,21.72951137,21.4340407,21.13857003,20.84309935,20.54762868,20.94621642,21.34480417,21.74339191,22.14197965,22.54056739,22.93915513,23.33774288,23.73633062,24.13491836,24.5335061,24.93209384,25.33068159,25.72926933,26.12785707,26.52644481,26.92503255,27.3236203,27.72220804,28.12079578,28.51938352,28.51938352,28.51938352,28.51938352,28.19153012,27.86367672,27.53582332,27.20796992,26.88011652,26.55226312,26.22440972,25.89655631
8_10,25.56870291,25.24084951,24.91299611,24.58514271,24.25728931,23.92943591,23.60158251,23.27372911,22.94587571,22.6180223,22.2901689,21.9623155,21.6344621,21.3066087,20.9787553,20.6509019,20.3230485,20.71357289,21.10409728,21.49462168,21.88514607,22.27567046,22.66619486,23.05671925,23.44724364,23.83776804,24.22829243,24.61881682,25.00934122,25.39986561,25.79039,26.1809144,26.57143879,26.96196318,27.35248757,27.74301197,28.13353636,28.13353636,28.13353636,28.13353636,27.8297035,27.52587064,27.22203778,26.91820492,26.61437206,26.3105392,26.00670633,25.70287347
8_11,25.39904061,25.09520775,24.79137489,24.48754203,24.18370917,23.87987631,23.57604345,23.27221059,22.96837773,22.66454487,22.360712,22.05687914,21.75304628,21.44921342,21.14538056,20.8415477,20.53771484,20.92130622,21.3048976,21.68848899,22.07208037,22.45567175,22.83926314,23.22285452,23.6064459,23.99003729,24.37362867,24.75722005,25.14081143,25.52440282,25.9079942,26.29158558,26.67517697,27.05876835,27.44235973,27.82595111,28.2095425,28.2095425,28.2095425,28.2095425,27.89948734,27.58943218,27.27937703,26.96932187,26.65926672,26.34921156,26.0391564,25.72910125
8_12,25.41904609,25.10899093,24.79893578,24.48888062,24.17882547,23.86877031,23.55871515,23.24866,22.93860484,22.62854968,22.31849453,22.00843937,21.69838422,21.38832906,21.0782739,20.76821875,20.45816359,20.85286329,21.24756299,21.64226268,22.03696238,22.43166208,22.82636178,23.22106148,23.61576117,24.01046087,24.40516057,24.79986027,25.19455997,25.58925966,25.98395936,26.37865906,26.77335876,27.16805846,27.56275816,27.95745785,28.35215755,28.35215755,28.35215755,28.35215755,28.02683347,27.70150939,27.37618531,27.05086123,26.72553716,26.40021308,26.074889,25.74956492
8_13,25.42424084,25.09891676,24.77359268,24.4482686,24.12294452,23.79762044,23.47229636,23.14697228,22.8216482,22.49632413,22.17100005,21.84567597,21.52035189,21.19502781,20.86970373,20.54437965,20.21905557,20.62793082,21.03680607,21.44568131,21.85455656,22.26343181,22.67230706,23.08118231,23.49005755,23.8989328,24.30780805,24.7166833,25.12555854,25.53443379,25.94330904,26.35218429,26.76105954,27.16993478,27.57881003,27.98768528,28.39656053,28.39656053,28.39656053,28.39656053,28.07856966,27.7605788,27.44258794,27.12459707,26.80660621,26.48861535,26.17062448,25.85263362
8_14,25.53464276,25.21665189,24.89866103,24.58067017,24.2626793,23.94468844,23.62669758,23.30870672,22.99071585,22.67272499,22.35473413,22.03674326,21.7187524,21.40076154,21.08277067,20.76477981,20.44678895,20.83326229,21.21973564,21.60620898,21.99268233,22.37915567,22.76562902,23.15210236,23.53857571,23.92504905,24.3115224,24.69799575,25.08446909,25.47094244,25.85741578,26.24388913,26.63036247,27.01683582,27.40330916,27.78978251,28.17625585,28.17625585,28.17625585,28.17625585,27.87085174,27.56544763,27.26004352,26.95463941,26.6492353,26.34383118,26.03842707,25.73302296
8_15,25.42761885,25.12221474,24.81681063,24.51140651,24.2060024,23.90059829,23.59519418,23.28979007,22.98438596,22.67898184,22.37357773,22.06817362,21.76276951,21.4573654,21.15196129,20.84655718,20.54115306,20.9328167,21.32448034,21.71614398,22.10780762,22.49947126,22.8911349,23.28279854,23.67446218,24.06612581,24.45778945,24.84945309,25.24111673,25.63278037,26.02444401,26.41610765,26.80777129,27.19943493,27.59109857,27.9827622,28.37442584,28.37442584,28.37442584,28.37442584,28.05347169,27.73251754,27.4115634,27.09060925,26.7696551,26.44870095,26.1277468,25.80679265
8_16,25.4858385,25.16488435,24.8439302,24.52297605,24.2020219,23.88106775,23.5601136,23.23915945,22.9182053,22.59725115,22.276297,21.95534285,21.63438871,21.31343456,20.99248041,20.67152626,20.35057211,20.68781872,21.02506533,21.36231194,21.69955856,22.03680517,22.37405178,22.71129839,23.048545,23.38579162,23.72303823,24.06028484,24.39753145,24.73477807,25.07202468,25.40927129,25.7465179,26.08376451,26.42101113,26.75825774,27.09550435,27.09550435,27.09550435,27.09550435,26.82688318,26.55826202,26.28964085,26.02101968,25.75239851,25.48377735,25.21515618,24.94653501
8_17,24.67791384,24.40929268,24.14067151,23.87205034,23.60342917,23.334808,23.06618684,22.79756567,22.5289445,22.26032333,21.99170217,21.723081,21.45445983,21.18583866,20.9172175,20.64859633,20.37997516,20.72196002,21.06394488,21.40592974,21.7479146,22.08989946,22.43188432,22.77386918,23.11585404,23.4578389,23.79982376,24.14180862,24.48379348,24.82577833,25.16776319,25.50974805,25.85173291,26.19371777,26.53570263,26.87768749,27.21967235,27.21967235,27.21967235,27.21967235,26.95145094,26.68322954,26.41500813,26.14678672,25.87856532,25.61034391,25.3421225,25.07390109
8_18,24.80567969,24.53745828,24.26923687,24.00101546,23.73279406,23.46457265,23.19635124,22.92812984,22.65990843,22.39168702,22.12346561,21.85524421,21.5870228,21.31880139,21.05057999,20.78235858,20.51413717,20.8337032,21.15326924,21.47283527,21.7924013,22.11196734,22.43153337,22.7510994,23.07066544,23.39023147,23.7097975,24.02936354,24.34892957,24.6684956,24.98806164,25.30762767,25.6271937,25.94675973,26.26632577,26.5858918,26.90545783,26.90545783,26.90545783,26.90545783,26.64865525,26.39185267,26.13505009,25.8782475,25.62144492,25.36464234,25.10783975,24.85103717
8_19,24.59423459,24.337432,24.08062942,23.82382684,23.56702425,23.31022167,23.05341909,22.79661651,22.53981392,22.28301134,22.02620876,21.76940617,21.51260359,21.25580101,20.99899842,20.74219584,20.48539326,20.84406865,21.20274404,21.56141943,21.92009482,22.27877021,22.6374456,22.99612099,23.35479638,23.71347177,24.07214716,24.43082255,24.78949794,25.14817333,25.50684872,25.86552411,26.2241995,26.58287489,26.94155028,27.30022567,27.65890106,27.65890106,27.65890106,27.65890106,27.34494343,27.0309858,26.71702817,26.40307054,26.08911291,25.77515528,25.46119765,25.14724002
8_20,24.83328239,24.51932476,24.20536713,23.8914095,23.57745187,23.26349424,22.94953661,22.63557898,22.32162135,22.00766372,21.69370609,21.37974846,21.06579083,20.7518332,20.43787557,20.12391794,19.80996031,20.19233852,20.57471672,20.95709493,21.33947314,21.72185134,22.10422955,22.48660776,22.86898596,23.25136417,23.63374238,24.01612058,24.39849879,24.78087699,25.1632552,25.54563341,25.92801161,26.31038982,26.69276803,27.07514623,27.45752444,27.45752444,27.45752444,27.45752444,27.17502175,26.89251907,26.61001638,26.32751369,26.045011,25.76250832,25.48000563,25.19750294
8_21,24.91500026,24.63249757,24.34999488,24.0674922,23.78498951,23.50248682,23.21998414,22.93748145,22.65497876,22.37247608,22.08997339,21.8074707,21.52496802,21.24246533,20.95996264,20.67745996,20.39495727,20.77064385,21.14633044,21.52201702,21.89770361,22.27339019,22.64907677,23.02476336,23.40044994,23.77613653,24.15182311,24.5275097,24.90319628,25.27888287,25.65456945,26.03025603,26.40594262,26.7816292,27.15731579,27.53300237,27.90868896,27.90868896,27.90868896,27.90868896,27.61331591,27.31794286,27.02256981,26.72719677,26.43182372,26.13645067,25.84107762,25.54570458
8_22,25.25033153,24.95495848,24.65958543,24.36421239,24.06883934,23.77346629,23.47809324,23.1827202,22.88734715,22.5919741,22.29660106,22.00122801,21.70585496,21.41048191,21.11510887,20.81973582,20.52436277,20.85573768,21.18711259,21.5184875,21.84986241,22.18123731,22.51261222,22.84398713,23.17536204,23.50673695,23.83811186,24.16948677,24.50086168,24.83223658,25.16361149,25.4949864,25.82636131,26.15773622,26.48911113,26.82048604,27.15186095,27.15186095,27.15186095,27.15186095,26.88333669,26.61481243,26.34628818,26.07776392,25.80923967,25.54071541,25.27219115,25.0036669
8_23,24.73514264,24.46661839,24.19809413,23.92956987,23.66104562,23.39252136,23.12399711,22.85547285,22.58694859,22.31842434,22.04990008,21.78137583,21.51285157,21.24432731,20.97580306,20.7072788,20.43875455,20.79265873,21.14656292,21.5004671,21.85437129,22.20827548,22.56217966,22.91608385,23.26998803,23.62389222,23.9777964,24.33170059,24.68560478,25.03950896,25.39341315,25.74731733,26.10122152,26.45512571,26.80902989,27.16293408,27.51683826,27.51683826,27.51683826,27.51683826,27.22934178,26.94184529,26.65434881,26.36685232,26.07935584,25.79185935,25.50436287,25.21686638
8_24,24.9293699,24.64187341,24.35437693,24.06688044,23.77938396,23.49188747,23.20439099,22.9168945,22.62939802,22.34190153,22.05440505,21.76690856,21.47941208,21.19191559,20.90441911,20.61692262,20.32942614,20.63303961,20.93665308,21.24026656,21.54388003,21.8474935,22.15110698,22.45472045,22.75833393,23.0619474,23.36556087,23.66917435,23.97278782,24.27640129,24.58001477,24.88362824,25.18724172,25.49085519,25.79446866,26.09808214,26.40169561,26.40169561,26.40169561,26.40169561,26.1342755,25.8668554,25.59943529,25.33201519,25.06459508,24.79717498,24.52975487,24.26233477
8_25,23.99491466,23.72749456,23.46007446,23.19265435,22.92523425,22.65781414,22.39039404,22.12297393,21.85555383,21.58813372,21.32071362,21.05329351,20.78587341,20.5184533,20.2510332,19.98361309,19.71619299,20.07190046,20.42760793,20.7833154,21.13902287,21.49473035,21.85043782,22.20614529,22.56185276,22.91756024,23.27326771,23.62897518,23.98468265,24.34039012,24.6960976,25.05180507,25.40751254,25.76322001,26.11892748,26.47463496,26.83034243,26.83034243,26.83034243,26.83034243,26.53692436,26.24350629,25.95008822,25.65667015,25.36325208,25.06983401,24.77641594,24.48299787
8_26,24.1895798,23.89616173,23.60274367,23.3093256,23.01590753,22.72248946,22.42907139,22.13565332,21.84223525,21.54881718,21.25539911,20.96198104,20.66856297,20.3751449,20.08172683,19.78830876,19.49489069,19.87994421,20.26499773,20.65005125,21.03510477,21.42015829,21.80521181,22.19026533,22.57531884,22.96037236,23.34542588,23.7304794,24.11553292,24.50058644,24.88563996,25.27069348,25.655747,26.04080052,26.42585404,26.81090755,27.19596107,27.19596107,27.19596107,27.19596107,26.90609952,26.61623796,26.32637641,26.03651485,25.74665329,25.45679174,25.16693018,24.87706863
8_27,24.58720707,24.29734551,24.00748396,23.7176224,23.42776085,23.13789929,22.84803773,22.55817618,22.26831462,21.97845307,21.68859151,21.39872996,21.1088684,20.81900684,20.52914529,20.23928373,19.94942218,20.27931624,20.60921031,20.93910438,21.26899844,21.59889251,21.92878658,22.25868065,22.58857471,22.91846878,23.24836285,23.57825692,23.90815098,24.23804505,24.56793912,24.89783319,25.22772725,25.55762132,25.88751539,26.21740945,26.54730352,26.54730352,26.54730352,26.54730352,26.28139588,26.01548824,25.74958059,25.48367295,25.21776531,24.95185767,24.68595002,24.42004238
8_28,24.15413474,23.8882271,23.62231945,23.35641181,23.09050417,22.82459653,22.55868888,22.29278124,22.0268736,21.76096596,21.49505831,21.22915067,20.96324303,20.69733539,20.43142774,20.1655201,19.89961246,20.24082194,20.58203141,20.92324089,21.26445037,21.60565985,21.94686932,22.2880788,22.62928828,22.97049776,23.31170723,23.65291671,23.99412619,24.33533567,24.67654514,25.01775462,25.3589641,25.70017358,26.04138305,26.38259253,26.72380201,26.72380201,26.72380201,26.72380201,26.45966585,26.1955297,25.93139354,25.66725739,25.40312123,25.13898508,24.87484892,24.61071277
8_29,24.34657661,24.08244046,23.8183043,23.55416815,23.29003199,23.02589584,22.76175968,22.49762352,22.23348737,21.96935121,21.70521506,21.4410789,21.17694275,20.91280659,20.64867044,20.38453428,20.12039813,20.43070857,20.74101901,21.05132945,21.36163989,21.67195033,21.98226077,22.29257121,22.60288165,22.91319209,23.22350253,23.53381297,23.84412341,24.15443385,24.46474429,24.77505473,25.08536517,25.39567561,25.70598605,26.01629649,26.32660693,26.32660693,26.32660693,26.32660693,26.06382682,25.80104672,25.53826661,25.27548651,25.0127064,24.74992629,24.48714619,24.22436608
8_30,23.96158598,23.69880587,23.43602577,23.17324566,22.91046556,22.64768545,22.38490535,22.12212524,21.85934514,21.59656503,21.33378492,21.07100482,20.80822471,20.54544461,20.2826645,20.0198844,19.75710429,20.11509694,20.47308958,20.83108223,21.18907487,21.54706751,21.90506016,22.2630528,22.62104545,22.97903809,23.33703074,23.69502338,24.05301603,24.41100867,24.76900131,25.12699396,25.4849866,25.84297925,26.20097189,26.55896454,26.91695718,26.91695718,26.91695718,26.91695718,26.63558964,26.3542221,26.07285457,25.79148703,25.51011949,25.22875195,24.94738441,24.66601687
8_31,24.38464934,24.1032818,23.82191426,23.54054672,23.25917918,22.97781164,22.69644411,22.41507657,22.13370903,21.85234149,21.57097395,21.28960641,21.00823888,20.72687134,20.4455038,20.16413626,19.88276872,20.18867449,20.49458027,20.80048604,21.10639181,21.41229758,21.71820335,22.02410912,22.3300149,22.63592067,22.94182644,23.24773221,23.55363798,23.85954375,24.16544953,24.4713553,24.77726107,25.08316684,25.38907261,25.69497838,26.00088416,26.00088416,26.00088416,26.00088416,24.96084879,23.92081342,22.88077806,21.84074269,20.80070732,19.76067196,18.72063659,17.68060123
